{
  "train_loss": [
    9.936738633490227,
    9.214470739488478,
    8.63680059259588,
    8.111261980874199,
    7.751596091629623,
    7.578344760003028,
    7.447185894111534,
    7.322698853232644,
    7.205812187937947,
    7.0938107936413255,
    6.981493231538054,
    6.865814332838182,
    6.754796263459441,
    6.65018333707537,
    6.549364864052116,
    6.453504531414477,
    6.361155893895533,
    6.266178564591841,
    6.174747832409747,
    6.092337534025118,
    6.013999691257229,
    5.930150861863966,
    5.856899868358266,
    5.783307620457241,
    5.71615760976618,
    5.642984037275438,
    5.585889265134737,
    5.5207059104721266,
    5.4607853455977,
    5.40834903717041,
    5.348356531811999,
    5.293977638343712,
    5.248104987206397,
    5.19915603043197,
    5.152704009762058,
    5.109038185763668,
    5.068768544630571,
    5.030881225288688,
    4.9970745297221395,
    4.9560446801123685,
    4.926862883877445,
    4.891163863144912,
    4.862562637824516,
    4.838378101200252,
    4.809522987960221,
    4.782180160671086,
    4.766288924526859,
    4.745222450850846,
    4.726440739322018,
    4.708370493603991,
    4.691959102432449
  ],
  "test_loss": [
    9.586680003574916,
    8.929102352687291,
    8.44047771181379,
    8.032384668077741,
    7.8420029027121405,
    7.749404975346157,
    7.683441911424909,
    7.642859969820295,
    7.609452554157802,
    7.577180351529803,
    7.541807651519775,
    7.516083819525583,
    7.493622950145176,
    7.468497446605137,
    7.447991303035191,
    7.4281600543430875,
    7.413913863045829,
    7.395544392721994,
    7.380333048956735,
    7.367707695279803,
    7.357750143323626,
    7.345193147659302,
    7.344929558890207,
    7.32689356803894,
    7.3203911781311035,
    7.31710468019758,
    7.310807500566755,
    7.3055853503091,
    7.30371676172529,
    7.298736333847046,
    7.296283551624843,
    7.29210022517613,
    7.290203741618565,
    7.292294229779925,
    7.287680898393903,
    7.285423415047782,
    7.2863742624010355,
    7.286147900990078,
    7.286502770015171,
    7.28686649458749,
    7.284488337380545,
    7.2867928232465475,
    7.287381001881191,
    7.2882790224892755,
    7.289037091391427,
    7.288928951535906,
    7.2886510235922675,
    7.2901431151798795,
    7.289902414594378,
    7.289665290287563,
    7.291102307183402
  ],
  "train_perplexity": [
    20676.201533557967,
    10041.389092362928,
    5635.271422634129,
    3331.7800205833,
    2325.280815596202,
    1955.3896460503838,
    1715.03007195086,
    1514.2852935987246,
    1347.2384556317293,
    1204.4891253249086,
    1076.5246679933887,
    958.9264072024665,
    858.1648925302228,
    772.9260185416786,
    698.8001997116279,
    634.9235077588402,
    578.9151342708666,
    526.4616895777611,
    480.4618517361416,
    442.45445563187246,
    409.1163914606502,
    376.2112654765565,
    349.63853663588225,
    324.83183591285234,
    303.73560718109803,
    282.3038681056156,
    266.63728858768985,
    249.81131938906074,
    235.2821296117272,
    223.26268484798794,
    210.26245409846032,
    199.13393496180547,
    190.20548489457323,
    181.119318160038,
    172.89837769950034,
    165.5110873730268,
    158.9784319062149,
    153.06784053200175,
    147.97961528575632,
    142.03090575934982,
    137.9460799600897,
    133.10840389900468,
    129.35526842833573,
    126.26439749278323,
    122.67308701903387,
    119.36429992782848,
    117.48244574717566,
    115.03339193305348,
    112.89303069110308,
    110.87134705869678,
    109.06664336697165
  ],
  "test_perplexity": [
    14569.418732494232,
    7548.486455583861,
    4630.766628177695,
    3079.0754984774417,
    2545.297715548641,
    2320.1914326885717,
    2172.083037953268,
    2085.7003347918053,
    2017.1735021445334,
    1953.1140988683837,
    1885.2347944587107,
    1837.3577617614237,
    1796.5491234339167,
    1751.972275009991,
    1716.4119288804004,
    1682.7086308608218,
    1658.9063900081792,
    1628.7113409096391,
    1604.1239306779746,
    1583.998610682813,
    1568.3041311950276,
    1548.7340707482454,
    1548.3258956384318,
    1520.6506295918027,
    1510.7948440907626,
    1505.8377701261575,
    1496.38503322086,
    1488.5910541114454,
    1485.812087043432,
    1478.430504082205,
    1474.8086796141476,
    1468.6519602201238,
    1465.869325370414,
    1468.936913101971,
    1462.175827891221,
    1458.8787133015314,
    1460.2665439677876,
    1459.9360333813534,
    1460.4542113954437,
    1460.9855110963954,
    1457.5151859988337,
    1460.8778822993231,
    1461.737392205417,
    1463.050652086188,
    1464.1601657785873,
    1464.0018402706035,
    1463.595009787052,
    1465.7804576275332,
    1465.4276858710532,
    1465.0802385425852,
    1467.1870970321952
  ],
  "learning_rate": [
    1.54e-05,
    3.08e-05,
    4.6200000000000005e-05,
    6.16e-05,
    7.7e-05,
    9.240000000000001e-05,
    9.998430618497722e-05,
    9.986121676625182e-05,
    9.961613354112755e-05,
    9.924965614670629e-05,
    9.876268123122895e-05,
    9.815640026027569e-05,
    9.743229660164594e-05,
    9.659214189605113e-05,
    9.56379917224993e-05,
    9.457218056897724e-05,
    9.33973161207352e-05,
    9.211627288014872e-05,
    9.07321851337679e-05,
    8.924843928376104e-05,
    8.766866556251537e-05,
    8.599672915066626e-05,
    8.42367207202865e-05,
    8.23929464263727e-05,
    8.046991737111696e-05,
    7.847233856674081e-05,
    7.640509742389595e-05,
    7.427325179379645e-05,
    7.208201759334005e-05,
    6.983675604349493e-05,
    6.754296055217586e-05,
    6.52062432737031e-05,
    6.283232137772807e-05,
    6.042700306122161e-05,
    5.7996173337748606e-05,
    5.5545779638798004e-05,
    5.3081817262396994e-05,
    5.0610314704611564e-05,
    4.8137318909822605e-05,
    4.566888047586507e-05,
    4.32110388502284e-05,
    4.0769807553538135e-05,
    3.8351159466471826e-05,
    3.596101221610754e-05,
    3.360521369745937e-05,
    3.128952776562432e-05,
    2.9019620133546617e-05,
    2.6801044509903477e-05,
    2.4639229011027904e-05,
    2.2539462880114198e-05,
    2.0506883546199755e-05
  ]
}