{
  "loss": [
    7.359764099121094,
    7.003337860107422,
    6.813140392303467,
    6.646605014801025,
    6.514466285705566,
    6.389620304107666,
    6.269161224365234,
    6.154996395111084,
    6.048636436462402,
    5.949892044067383,
    5.858051776885986,
    5.773349285125732,
    5.693020343780518,
    5.593564033508301,
    5.543820858001709,
    5.4979567527771,
    5.454436779022217,
    5.409205436706543,
    5.352784156799316,
    5.325664520263672,
    5.301734447479248,
    5.278046607971191,
    5.255041122436523,
    5.223755359649658,
    5.210022926330566,
    5.198018550872803,
    5.185751438140869,
    5.173191547393799,
    5.157454490661621,
    5.1497321128845215,
    5.143277168273926,
    5.136363983154297,
    5.129611968994141,
    5.120368480682373,
    5.116322040557861,
    5.113673686981201,
    5.10926628112793,
    5.10576057434082,
    5.100937366485596,
    5.099571228027344,
    5.097384452819824,
    5.095829963684082,
    5.09361457824707,
    5.091644287109375,
    5.09027624130249,
    5.089447021484375,
    5.0885772705078125,
    5.0882158279418945,
    5.086445331573486,
    5.086272239685059,
    5.086042404174805,
    5.085423946380615,
    5.084897041320801,
    5.08417272567749,
    5.084514141082764,
    5.084115505218506,
    5.083981037139893,
    5.083916664123535,
    5.083559989929199,
    5.083362102508545,
    5.08289098739624,
    5.0830888748168945,
    5.082818508148193,
    5.083319187164307,
    5.08229398727417,
    5.082396984100342,
    5.082454204559326,
    5.082617282867432,
    5.082025051116943,
    5.081727027893066,
    5.081747055053711,
    5.081336975097656,
    5.081581115722656,
    5.081144332885742,
    5.081009387969971,
    5.0813679695129395,
    5.0808844566345215,
    5.080041408538818,
    5.080938816070557,
    5.080233097076416,
    5.080836296081543,
    5.08073091506958,
    5.080951690673828,
    5.08063268661499,
    5.080539226531982,
    5.0795440673828125,
    5.079957008361816,
    5.080685138702393,
    5.0803656578063965,
    5.079251766204834,
    5.079212188720703,
    5.0793681144714355,
    5.079413414001465,
    5.078951358795166,
    5.078784465789795,
    5.0795698165893555,
    5.079191207885742,
    5.078681945800781,
    5.078744411468506,
    5.078246593475342
  ],
  "accuracy": [
    0.04246462509036064,
    0.04353412613272667,
    0.04645794630050659,
    0.048596952110528946,
    0.051990121603012085,
    0.05443689599633217,
    0.05790700763463974,
    0.06125400960445404,
    0.06384697556495667,
    0.06686312705278397,
    0.07012549042701721,
    0.07371871173381805,
    0.07669639587402344,
    0.08050505071878433,
    0.08292874693870544,
    0.08515238761901855,
    0.08750683069229126,
    0.09022290259599686,
    0.09329291433095932,
    0.09508567303419113,
    0.09652449935674667,
    0.09814798831939697,
    0.09990227967500687,
    0.10205667465925217,
    0.10281071066856384,
    0.10386482626199722,
    0.1046188622713089,
    0.10508821159601212,
    0.10656551271677017,
    0.10722722113132477,
    0.10775811970233917,
    0.10906615108251572,
    0.10899689793586731,
    0.10973554849624634,
    0.11048958450555801,
    0.11052805930376053,
    0.11075888574123383,
    0.11168988794088364,
    0.11182838678359985,
    0.11212846636772156,
    0.11205921322107315,
    0.11253625899553299,
    0.11265167593955994,
    0.11252087354660034,
    0.11262859404087067,
    0.11345187574625015,
    0.11302100121974945,
    0.11288250237703323,
    0.11309794336557388,
    0.11342109739780426,
    0.11309794336557388,
    0.11364423483610153,
    0.11351343244314194,
    0.1138673648238182,
    0.11361345648765564,
    0.11328260600566864,
    0.11340571194887161,
    0.1141289696097374,
    0.11352112144231796,
    0.1137673407793045,
    0.11351343244314194,
    0.11403664201498032,
    0.11319027096033096,
    0.1131671890616417,
    0.11352881789207458,
    0.11359037458896637,
    0.11312871426343918,
    0.1133672371506691,
    0.1132672131061554,
    0.11345187574625015,
    0.11332107335329056,
    0.11385966837406158,
    0.11318257451057434,
    0.11312871426343918,
    0.11350573599338531,
    0.11362115293741226,
    0.11355959624052048,
    0.11348265409469604,
    0.11348265409469604,
    0.11360576003789902,
    0.11365192383527756,
    0.11354421079158783,
    0.1135980635881424,
    0.11349035054445267,
    0.11302100121974945,
    0.11373656243085861,
    0.11381350457668304,
    0.11363653838634491,
    0.11363653838634491,
    0.11439827084541321,
    0.11425977200269699,
    0.11372886598110199,
    0.11348265409469604,
    0.11342879384756088,
    0.1138673648238182,
    0.11365192383527756,
    0.11367501318454742,
    0.11383658647537231,
    0.1136980950832367,
    0.11378272622823715
  ],
  "val_loss": [
    7.194464683532715,
    7.1270294189453125,
    7.064529895782471,
    7.054806709289551,
    7.038674354553223,
    7.018235206604004,
    7.0119452476501465,
    6.991756916046143,
    7.015903949737549,
    7.029087066650391,
    7.072729587554932,
    7.143293857574463,
    7.173132419586182,
    7.254124164581299,
    7.308990001678467,
    7.3516106605529785,
    7.396830081939697,
    7.458775997161865,
    7.488652229309082,
    7.539082050323486,
    7.585814952850342,
    7.595775127410889,
    7.643926620483398,
    7.682474136352539,
    7.681188106536865,
    7.732072353363037,
    7.74015474319458,
    7.7718377113342285,
    7.792235851287842,
    7.797338008880615,
    7.809026718139648,
    7.819955825805664,
    7.840658664703369,
    7.842806816101074,
    7.851558208465576,
    7.85801887512207,
    7.865311145782471,
    7.868190765380859,
    7.8766069412231445,
    7.8803815841674805,
    7.88682746887207,
    7.889143943786621,
    7.889549732208252,
    7.89182186126709,
    7.893033981323242,
    7.893040657043457,
    7.89499568939209,
    7.899094104766846,
    7.899345397949219,
    7.9008636474609375,
    7.901668071746826,
    7.901431083679199,
    7.903411388397217,
    7.90305233001709,
    7.904162406921387,
    7.904482841491699,
    7.903789520263672,
    7.904884338378906,
    7.904045104980469,
    7.904632091522217,
    7.90461540222168,
    7.905157089233398,
    7.905160903930664,
    7.9048871994018555,
    7.905908107757568,
    7.905994415283203,
    7.905834674835205,
    7.906236171722412,
    7.905972957611084,
    7.906530857086182,
    7.907151699066162,
    7.907434940338135,
    7.907250881195068,
    7.9076080322265625,
    7.907444000244141,
    7.907313346862793,
    7.9079389572143555,
    7.90835428237915,
    7.908792495727539,
    7.908539295196533,
    7.909188270568848,
    7.908820152282715,
    7.909091949462891,
    7.909311771392822,
    7.9100213050842285,
    7.910209655761719,
    7.9100518226623535,
    7.910696506500244,
    7.910408973693848,
    7.91041898727417,
    7.910923480987549,
    7.911264419555664,
    7.9112958908081055,
    7.911663055419922,
    7.9119439125061035,
    7.91232442855835,
    7.912133693695068,
    7.912124156951904,
    7.912175178527832,
    7.912449359893799
  ],