{
  "loss": [
    7.317741394042969,
    6.99375057220459,
    6.811018466949463,
    6.633859157562256,
    6.451818943023682,
    6.277235507965088,
    6.1137261390686035,
    5.96511173248291,
    5.820397853851318,
    5.68932580947876,
    5.558393478393555,
    5.436357021331787,
    5.321142673492432,
    5.212680339813232,
    5.113891124725342,
    5.023896217346191,
    4.941716194152832,
    4.793916702270508,
    4.713705539703369,
    4.655165195465088,
    4.601828575134277,
    4.5508952140808105
  ],
  "accuracy": [
    0.042403072118759155,
    0.046465642750263214,
    0.051389969885349274,
    0.056129634380340576,
    0.0636930912733078,
    0.07097955793142319,
    0.07872767746448517,
    0.08624497056007385,
    0.09354682266712189,
    0.10168734937906265,
    0.10972785204648972,
    0.11842236667871475,
    0.12653981149196625,
    0.13516508042812347,
    0.14338254928588867,
    0.1506536304950714,
    0.15800164639949799,
    0.171197310090065,
    0.17876076698303223,
    0.1845468431711197,
    0.18937884271144867,
    0.1936337649822235
  ],
  "val_loss": [
    7.1779465675354,
    7.04486083984375,
    6.985483169555664,
    6.890146732330322,
    6.8189473152160645,
    6.761268615722656,
    6.710153102874756,
    6.685857772827148,
    6.6462531089782715,
    6.627364158630371,
    6.620513916015625,
    6.574906349182129,
    6.584631443023682,
    6.605125427246094,
    6.6014628410339355,
    6.631216526031494,
    6.653846740722656,
    6.68059778213501,
    6.724606990814209,
    6.738185882568359,
    6.789611339569092,
    6.745927333831787
  ],
  "val_accuracy": [
    0.04610365629196167,
    0.04995075613260269,
    0.05410562455654144,
    0.060661084949970245,
    0.06687799841165543,
    0.07260248810052872,
    0.07848085463047028,
    0.08500553667545319,
    0.09654684364795685,
    0.10085559636354446,
    0.10799581557512283,
    0.11621322482824326,
    0.12319955974817276,
    0.13018588721752167,
    0.13911116123199463,
    0.1445278823375702,
    0.15200664103031158,
    0.16256308555603027,
    0.16742582619190216,
    0.1720115691423416,
    0.17542779445648193,
    0.18133693933486938
  ]
}